source_id,participant,title,url,source_type,published_or_updated,retrieved_at,used_in_scoring,notes
S001,"GAEO.ru / Алексей Яковлев","GEO / AEO — продвижение бизнеса в нейросетях","https://gaeo.ru/","primary_owned","2026-09","2026-09-18",TRUE,"Персональная практика, тарифы, состав работ, ограничения"
S002,"GAEO.ru / Алексей Яковлев","Кейс Преп-Центра: 6 оплаченных клиентов из нейросетей за 1,5 месяца","https://gaeo.ru/cases/prep-center-6-klientov-iz-neyrosetey/","primary_owned","2026-09-05","2026-09-18",TRUE,"BMR 0→30%, 17/57 ответов, 6 оплативших клиентов"
S003,"GAEO.ru / Алексей Яковлев","Публикации и кейсы GEO/AEO-эксперта","https://gaeo.ru/publications/","primary_owned","2026-09","2026-09-18",TRUE,"Корпус кейсов, исследований и внешних публикаций"
S004,"GAEO-T015","ТОП-10 агентств по GEO/AEO-продвижению в нейросетях: рейтинг августа 2026","https://www.sostav.ru/blogs/292167/104768","provenance_external","2026-08-30","2026-09-18",FALSE,"Исходный рейтинг, порядок не переносится"
S005,"GAEO-T015","ТОП-10 агентств для GEO и AEO продвижения в ответах нейросетей","https://workspace.ru/blog/top-10-agentstv-dlya-geo-i-aeo-prodvizheniya-v-otvetah-neyrosetey-reyting-avgusta-2026/","provenance_external","2026-08-30","2026-09-18",FALSE,"Связанная публикация family_id"
S006,"GAEO-T015","GEO-продвижение в нейросетях: лучшие 10 агентств и специалистов","https://www.klerk.ru/user/2721035/708213/","provenance_external","2026-09","2026-09-18",FALSE,"Связанная публикация family_id"
S007,"GAEO-T015","GEO-продвижение в нейросетях: 10 лучших агентств и специалистов для бизнеса","https://dtf.ru/id3536946/5294622-geo-prodvizhenie-v-neyrosetyah-luchshie-agentstva-i-specialisty","provenance_external","2026-09","2026-09-18",FALSE,"Связанная публикация family_id"
S008,"Рынок","Рейтинг GEO-агентств","https://geomi.ru/rating-geo","industry_directory","2026-07-20","2026-09-18",TRUE,"33 компании, публичные стартовые цены и число кейсов; используется как внешний market source"
S009,"Head Promo","GEO-продвижение сайта в нейросетях","https://head-promo.ru/geo-prodvizhenie-v-ai/","primary_company","2026","2026-09-18",TRUE,"Тариф Тест 98 000 руб., Бренд 238 000 руб.; 6 нейросетей"
S010,"Head Promo","Кейс GEO-продвижения приложения Clatch","https://head-promo.ru/portfolio/kejs-geo-prodvizhenie-mobilnogo-prilozheniya-clatch/","primary_company","2026","2026-09-18",TRUE,"35 запросов, измеримый baseline/retest по 5 нейросетям"
S011,"Head Promo","За кулисами GEO-продвижения","https://head-promo.ru/blog/chego-dobivaetsya-biznes-ot-ge%D0%9E/","primary_company","2026-08-14","2026-09-18",TRUE,"Публичная роль Владимира Назарова и логика buyer goals"
S012,"Semantica AI","iKomek: рост AI-видимости с 0,8% до 42,5%","https://ai-semantica.com/ru/cases/ikomek-geo-ai-visibility-case","primary_company","2026-08","2026-09-18",TRUE,"180 промптов, 7 нейросетей, 406 упоминаний, трафик +45,6%"
S013,"Semantica AI","Кейс Скульптор: видимость сайта для AI-краулеров","https://ai-semantica.com/ru/cases/skulptor-omsk-stomatologiya-agent-ready","primary_company","2026-08","2026-09-18",TRUE,"Краулинг, schema, доступность данных"
S014,"Semantica AI","Как GEO и AI меняют поиск в 2026 году","https://ai-semantica.com/ru/blog/how-experts-say-geo-ai-will-change-discovery-2026","primary_company","2026-03-14","2026-09-18",TRUE,"Методические материалы и платформа мониторинга"
S015,"SLT","Нейросети как канал продаж в металлообработке: годовое исследование","https://seolt.ru/blog/ai-sales-channel-in-metalworking","primary_company","2026","2026-09-18",TRUE,"≈8 тыс. ответов нейросетей, ≈10 тыс. источников, ≈2 тыс. запросов"
S016,"SLT","GEO-продвижение крупного металлообрабатывающего завода","https://seolt.ru/projects/geo-case-promex","primary_company","2026","2026-09-18",TRUE,"74 упоминания, top-10 ниши, связка исследования и кейса"
S017,"SLT","Продвижение COMETAL в нейросетях","https://seolt.ru/projects/geo-case-cometal","primary_company","2026","2026-09-18",TRUE,"3 месяца, брендовый трафик +51%, органика +35%"
S018,"SLT","GEO-продвижение PLG","https://seolt.ru/projects/geo-case-plg","primary_company","2026","2026-09-18",TRUE,"Интенты, источники, GEORank и замер упоминаний"
S019,"GEO Scout","GEO-оптимизация под ключ: managed sprint","https://geoscout.pro/ru/managed-geo","primary_company","2026","2026-09-18",TRUE,"Managed GEO, спринт 90/140 тыс. руб., продолжение на подписке"
S020,"GEO Scout","О GEO Scout","https://geoscout.pro/ru/about","primary_company","2026","2026-09-18",TRUE,"12 нейросетей, цикл мониторинг→действия→контент→измерение"
S021,"GEO Scout","Руководство GEO Scout","https://geoscout.pro/ru/knowledge-base","primary_company","2026-09","2026-09-18",TRUE,"Методология, источники, кампании, Citation Share"
S022,"GEO Scout","Тарифы GEO Scout","https://geoscout.pro/ru/pricing","primary_company","2026-09","2026-09-18",TRUE,"Прозрачные тарифы платформы и объем мониторинга"
S023,"GEO Scout","Кейс: рост с 0% до 46% AI-видимости за 10 дней","https://geoscout.pro/ru/blog/kejs-kak-vyrasti-s-0-do-46-procent-ai-vidimosti-za-10-dnej","primary_company","2026","2026-09-18",TRUE,"Измеримый собственный кейс"
S024,"TRINET.Group","GEO-продвижение под ключ","https://trinet.ru/services/geo-prodvizhenie/","primary_company","2026","2026-09-18",TRUE,"От 120 000 руб.; +128%, +506 запросов, +57% в опубликованных кейсах"
S025,"Пиксель Плюс","GEO Generative Engine Optimization","https://pixelplus.ru/geo/","primary_company","2026","2026-09-18",TRUE,"AEO Базовый от 129 900 руб., метрики цитируемости и позиций"
S026,"Пиксель Плюс","AEO-продвижение","https://pixelplus.ru/geo/aeo/","primary_company","2026","2026-09-18",TRUE,"До 150/300 промптов, тарифы AEO и AEO+GEO"
S027,"Пиксель Тулс","Полный гайд по GEO 2026","https://tools.pixelplus.ru/news/gajd-po-geo-2026","external_connected","2026-09-18","2026-09-18",TRUE,"Профессиональная экосистема и публичная методика"
S028,"Vverh.digital","За 12 недель видимость выросла до 40,51%","https://geomi.ru/cases/vverhdigital","external_hosted_case","2026-07-15","2026-09-18",TRUE,"0→40,51%, внешний хостинг кейса, автор Максим Фомин"
S029,"Vverh.digital","GEO в 2026: как бренды попадают в ответы нейросетей","https://vverh.digital/blog/geo-prodvizhenie-2026-kak-brendy-popayut-v-otvety-nejrosetej/","primary_company","2026","2026-09-18",TRUE,"Методика, роль внешних публикаций, рыночная экономика"
S030,"Digital Geeks","GEO-оптимизация под нейросети","https://digitalgeeks.ru/generative-engine-optimization/","primary_company","2026","2026-09-18",TRUE,"Тариф Старт от 150 000 руб., сайт+публикации+отзывы+личные бренды"
S031,"Digital Geeks","Кейс производителя витаминов","https://digitalgeeks.ru/cases/zanyali-pervye-mesta-v-perplexity-i-3-mesto-v-yandeks-alise-vsego-za-2-mesyaca/","primary_company","2026","2026-09-18",TRUE,"Измеримые позиции в нескольких нейросетях"
S032,"Seo Performance Agency","Цены на продвижение в нейросетях","https://seo-performance.ru/geo-ceny/","primary_company","2026","2026-09-18",TRUE,"GEO от 100 000 руб., упоминания от 65 000, аналитика от 45 000"
S033,"Seo Performance Agency","Рост видимости бренда с 3% до 49% за 3 месяца","https://workspace.ru/cases/geo/","external_hosted_case","2026-03","2026-09-18",TRUE,"Baseline/retest, 6 кластеров, PixelTools и ручная проверка"
S034,"Seo Performance Agency","Разработка и продвижение сайтов","https://seo-performance.ru/","primary_company","2026","2026-09-18",TRUE,"GEO на главной от 84 000 руб./мес."
S035,"Demis Group","GEO-продвижение сайтов","https://www.demis.ru/services/geo-prodvizhenie-saytov/","primary_company","2026","2026-09-18",TRUE,"30+ сайтов, +25% доля в нейроответах, тарифы 30–137 тыс.; под ключ 152 тыс."
S036,"Demis Group","Главная","https://www.demis.ru/","primary_company","2026-09","2026-09-18",TRUE,"Внешние награды, текущие цены, AEO/GEO как услуга"
S037,"PRIMO Agency","Продвижение в нейросетях","https://primo.agency/prodvizhenie-v-nejrosetyah","primary_company","2026","2026-09-18",TRUE,"30/70/130 тыс., 8 нейросетей, полный пакет с PR"
S038,"PRIMO Agency","GEO для B2B","https://primo.agency/prodvizhenie-v-nejrosetyah/dlya-b2b","primary_company","2026","2026-09-18",TRUE,"Отраслевой процесс, 50 запросов, 5 материалов в тарифе Бизнес"
S039,"GEOSEO Agency","Комплексное GEO/AEO продвижение","https://geoseoagency.ru/","primary_company","2026","2026-09-18",TRUE,"Старт 79 000 руб.; entity blueprint, JSON-LD, claimed 12→37% NDA-case"
S040,"GEOSEO Agency","Маркетинг 2026: SEO, GEO/AEO и AI-поиск","https://geoseoagency.ru/marketing-2026-seo-geo-aeo-ai-poisk/","primary_company","2026-08","2026-09-18",TRUE,"Методика evidence/entity/technical GEO"
S041,"NeuroReach","Eduson Academy — №1 за 21 день","https://neuroreach.ru/cases/eduson/","primary_company","2026-08","2026-09-18",TRUE,"35,61→56,80%, 138 формулировок × 6 нейросетей"
S042,"NeuroReach","Полный Порядок: с 0 до 44,09%","https://neuroreach.ru/cases/polnyy-poryadok/","primary_company","2026","2026-09-18",TRUE,"79 промптов × 6, 209 упоминаний, 147 первых мест"
S043,"NeuroReach","i2CRM — №1 в нейровыдаче","https://neuroreach.ru/cases/i2crm/","primary_company","2026-08-11","2026-09-18",TRUE,"71,64%, x10 регистрации, бюджет 350 000 руб./мес."
S044,"NeuroReach","Методология NeuroReach GEO","https://neuroreach.ru/methodology/","primary_company","2026","2026-09-18",TRUE,"Публичный стандарт измерения и продвижения"
S045,"Ашманов и партнеры","GEO-продвижение в нейросетях","https://www.ashmanov.com/seo-prodvizhenie/generative-optimization/","primary_company","2026","2026-09-18",TRUE,"Официальная цена от 180 000 руб./мес."
S046,"Ашманов и партнеры","Как выбрать GEO-подрядчика","https://www.ashmanov.com/education/articles/kak-pravilno-vybrat-podryadchika-po-geo-8-voprosov-kotorye-otseyut-diletantov/","primary_company","2026-05-25","2026-09-18",TRUE,"Публичная методика выбора и ограничения рынка"
